Display Order,Product Details,ASIN,URL,Image URL,Brand,Price  €,Parent Level Sales,ASIN Sales,Recent Purchases,Parent Level Revenue,ASIN Revenue,Title Char. Count,BSR,Seller Country/Region,Fees  €,Active Sellers,Ratings,Review Count,Images,Review velocity,Buy Box,Category,Size Tier,Fulfillment,Dimensions,Weight,ABA Most Clicked,Creation Date,Sponsored,Best Seller,Seller Age (mo),Seller
9,"Super Ninja Trappola Moscerini Frutta per Interni - 4 Pezzi, trappola per moscerini della frutta efficace per casa e cucina, attiva fino a 3 settimane, adatta a bambini e animali domestici",B09SLX6GQS,https://www.amazon.it/dp/B09SLX6GQS?psc=1,https://m.media-amazon.com/images/I/91lm7PdkaPL._SX450_.jpg,,16.99,159,152,N/A,"2,769.94","2,583.87",188,357,N/A,6.49,1,N/A,N/A,8,154,,,Large Envelope,FBA,12.70 x 3.40 x 7.40 cm,0.12,N/A,"Jul 18, 2022",,No,44,
10,"Super Ninja Trappola Moscerini Frutta per Interni - 2 Pezzi, trappola per moscerini della frutta efficace per casa e cucina, attiva fino a 3 settimane, adatta a bambini e animali domestici",B0DWYWN4KK,https://www.amazon.it/dp/B0DWYWN4KK?psc=1,https://m.media-amazon.com/images/I/81LtUlaPb5L._SX450_.jpg,,10.99,149,133,N/A,"1,816.81","1,458.31",188,"1,198",N/A,5,1,N/A,N/A,8,27,,,Large Envelope,FBA,12.60 x 3.40 x 7.30 cm,0.07,N/A,"Apr 5, 2025",,No,11,
11,"Super Ninja Trappola Moscerini Frutta per Interni - 2 Pezzi, trappola per moscerini della frutta efficace per casa e cucina, attiva fino a 3 settimane, adatta a bambini e animali domestici",B0963J155G,https://www.amazon.it/dp/B0963J155G?psc=1,https://m.media-amazon.com/images/I/81LtUlaPb5L._SX450_.jpg,,11.99,81,81,N/A,968.66,967.71,188,"1,011",N/A,4.34,1,N/A,N/A,8,187,,,Large Envelope,FBA,11.40 x 3.40 x 7.20 cm,0.06,N/A,"Sep 4, 2021",,No,54,
22,Trappola Moscerini Frutta – 2x Trappole + 30ml Esca – Trappola moscerini frutta per cucina – Anti mosche per casa – Trappola mosche interno – Riutilizzabile ed efficace,B097XV7KC7,https://www.amazon.it/dp/B097XV7KC7?psc=1,https://m.media-amazon.com/images/I/71Oow0TwDeL._AC_SY355_.jpg,Novokill,15.99,24,24,N/A,382.57,382.2,168,"2,804",DE,7.35,1,3.7,"1,782",9,25,kæferling,Giardino e giardinaggio,Small Parcel,FBA,20.80 x 6.80 x 18.30 cm,0.08,N/A,"Jul 23, 2021",,No,56,kæferling
21,"Super Ninja Trappola Moscerini Frutta per Interni - 6 Pezzi, trappola per moscerini della frutta efficace per casa e cucina, attiva fino a 3 settimane, adatta a bambini e animali domestici",B0DVBKLWTL,https://www.amazon.it/dp/B0DVBKLWTL?psc=1,https://m.media-amazon.com/images/I/91BF-hL+9bL._SX450_.jpg,,21.99,149,16,N/A,"1,816.81",356.72,188,"1,198",N/A,7.24,1,N/A,N/A,8,27,,,Large Envelope,FBA,17.30 x 3.40 x 7.60 cm,0.18,N/A,"Apr 18, 2025",,No,11,
27,"Super Ninja Trappola moscerini frutta - 10 trappole adesive per moscerini piante e 2 cattura mosche della frutta, altamente efficaci, adatta a bambini e animali domestici, fino a 3 mesi di prestazioni",B0DWTY51S5,https://www.amazon.it/dp/B0DWTY51S5?psc=1,https://m.media-amazon.com/images/I/91tR1Q9DQpL._AC_SY355_.jpg,Super Ninja,14.99,"2,789",19,N/A,"21,067.62",283.28,200,17,NL,6.19,1,4,"10,353",8,423,Super Ninja ECO,Giardino e giardinaggio,Large Envelope,FBA,18.20 x 3.80 x 13.30 cm,0.11,N/A,"May 17, 2025",,No,10,Super Ninja ECO
25,"kela Trappola per moscerini della frutta per interni FINO riutilizzabile, trappola per zanzare con rimedi naturali (aceto, acqua), sostenibile, ceramica nero opaco",B0DF776KKR,https://www.amazon.it/dp/B0DF776KKR?psc=1,https://m.media-amazon.com/images/I/61MZduhceRL._AC_SY355_.jpg,kela,11.81,11,11,N/A,139.15,138.9,163,"17,589",AMZ,5.13,1,3.8,8,7,0,Amazon,Giardino e giardinaggio,Small Parcel,AMZ,9.80 x 8.20 x 9.70 cm,0.02,N/A,"Oct 24, 2025",,No,5,Amazon
28,Trappola Moscerini Frutta – 4x Trappole + 100ml Esca – Trappola moscerini frutta per cucina – Anti mosche per casa – Trappola mosche interno – Riutilizzabile e ad alta efficacia,B09ZVHKK5K,https://www.amazon.it/dp/B09ZVHKK5K?psc=1,https://m.media-amazon.com/images/I/71r93OqJ5lL._AC_SY355_.jpg,Novokill,27.99,4,4,N/A,103.22,103.1,177,"12,393",DE,8.44,1,4,176,9,4,kæferling,Giardino e giardinaggio,Extra Large Envelope,FBA,20.70 x 5.30 x 17.40 cm,0.14,N/A,"Jun 22, 2023",,No,33,kæferling
"6.1.","Super Ninja Fruit Fly Trap - 10 Sticky Fly Traps for Plant Flies and 2 Fruit Fly Catchers, Highly Effective for Kids and Pets - Up to 3 Months Performance","B0DWTR65JD","https://www.amazon.it/dp/B0DWTR65JD?psc=1","https://m.media-amazon.com/images/I/91tR1Q9DQpL._AC_SY355_.jpg","Super Ninja",14.99,217,6,"N/A","3,865.85",82.87,154,536,"N/A",6.19,1,3.7,"10,717",8,176,"Super Ninja ECO","Garden","Large Envelope","FBA","18.30 x 3.80 x 13.20 cm",0.11,"N/A","May 26, 2025",,"No",10,"Super Ninja ECO"
"6.2.","Super Ninja Indoor Fruit Fly Trap - 12 Pieces, Fruit Fly Trap Effective for Home and Kitchen, Active Up to 3 Weeks, Suitable for Children and Pets","B0C6M6DB5H","https://www.amazon.it/dp/B0C6M6DB5H?psc=1","https://m.media-amazon.com/images/I/91EXGAp0O+L._AC_SY355_.jpg","Super Ninja",39.99,217,8,"N/A","3,865.85",323.19,146,536,"N/A",10.54,2,3.7,"10,717",8,204,"Super Ninja ECO","Garden","Small Parcel","AMZ","12.10 x 6.20 x 11.20 cm",0.37,"N/A","Aug 15, 2023",,"No",31,"Super Ninja ECO"
35.,"50 Pcs Fly Trap, Plant Fly Trap, Double Sided Yellow Fly Paper for Indoor and Outdoor Use","B0CM65M5K3","https://www.amazon.it/dp/B0CM65M5K3?psc=1","https://m.media-amazon.com/images/I/716Y5OH8BGL._AC_SY355_.jpg","TRIITECH",10.99,28,21,"N/A",267.69,194.57,89,"4,547","CN",3.69,1,4.4,"1,814",7,123,"Soaring Store","Garden","Standard Envelope","FBA","22.00 x 2.30 x 15.00 cm",0.19,"N/A","Sep 10, 2024",,"No",18,"Soaring Store"
"35.1.","100 Pcs Fly Trap, Plant Fly Trap, Double Sided Blue Fly Paper for Indoor and Outdoor Use","B0DKDRRFND","https://www.amazon.it/dp/B0DKDRRFND?psc=1","https://m.media-amazon.com/images/I/71COh2f2kqL._AC_SY355_.jpg","TRIITECH",15.99,28,1,"N/A",267.69,10.44,88,"4,547","N/A",5.28,1,4.4,"1,814",7,123,"Soaring Store","Garden","Standard Envelope","FBA","29.10 x 1.90 x 21.70 cm",0.36,"N/A","Jun 13, 2025",,"No",9,"Soaring Store"
"35.2.","100 Pcs Fly Trap, Plant Fly Trap, Double Sided Yellow Fly Paper for Indoor and Outdoor Use","B0D9JHB6S2","https://www.amazon.it/dp/B0D9JHB6S2?psc=1","https://m.media-amazon.com/images/I/71wz4gpM+IL._AC_SY355_.jpg","TRIITECH",15.99,28,1,"N/A",267.69,11.61,90,"4,547","N/A",4.32,1,4.4,"1,814",7,123,"Soaring Store","Garden","Standard Envelope","FBA","29.30 x 1.90 x 21.80 cm",0.38,"N/A","Mar 12, 2025",,"No",12,"Soaring Store"
"35.3.","100 Pcs Fly Trap, Plant Fly Trap, Double Sided Black Fly Paper for Indoor and Outdoor Use","B0D9JCTZQZ","https://www.amazon.it/dp/B0D9JCTZQZ?psc=1","https://m.media-amazon.com/images/I/71pDTz+gQWL._AC_SY355_.jpg","TRIITECH",15.99,28,1,"N/A",267.69,8.52,89,"4,547","N/A",4.32,1,4.4,"1,814",8,123,"Soaring Store","Garden","Standard Envelope","FBA","29.00 x 2.00 x 21.60 cm",0.39,"N/A","Mar 31, 2025",,"No",12,"Soaring Store"
"35.4.","50 Pcs Fly Trap, Plant Fly Trap, Double Sided Black Fly Paper for Indoor and Outdoor Use","B0CM5VK8LP","https://www.amazon.it/dp/B0CM5VK8LP?psc=1","https://m.media-amazon.com/images/I/71SfTHL+OAL._AC_SY355_.jpg","TRIITECH",10.99,28,2,"N/A",267.69,20.68,88,"4,547","N/A",3.69,1,4.4,"1,814",10,123,"Soaring Store","Garden","Standard Envelope","FBA","15.30 x 2.40 x 14.30 cm",0.17,"N/A","Sep 10, 2024",,"No",18,"Soaring Store"
"35.5.","50 Pcs Fly Trap, Plant Fly Trap, Double Sided Blue Fly Paper for Indoor and Outdoor Use","B0CM613HJ6","https://www.amazon.it/dp/B0CM613HJ6?psc=1","https://m.media-amazon.com/images/I/719LXDCh0dL._AC_SY355_.jpg","TRIITECH",10.99,28,2,"N/A",267.69,20.7,87,"4,547","N/A",3.69,1,4.4,"1,814",7,123,"Soaring Store","Garden","Standard Envelope","FBA","22.20 x 1.90 x 15.50 cm",0.19,"N/A","Sep 2, 2024",,"No",18,"Soaring Store"
36.,"Indoor Fly Trap, Fly Traps Indoor Fly Trap, Indoor Fly Catcher, Fruit Fly Trap Moth Midges, Mosquito Trap (Pack of 10 Refills)","B0F1Y8SFTG","https://www.amazon.it/dp/B0F1Y8SFTG?psc=1","https://m.media-amazon.com/images/I/81GEGezfkIL._AC_SY355_.jpg","pancellent",10.9,121,32,"N/A","1,781.36",330.66,126,"1,020","CN",3.54,3,4,302,5,"N/A","Joey Up","Garden","Standard Envelope","FBA","11.00 x 1.70 x 6.40 cm",0.06,"N/A","May 17, 2025",,"No",10,"Joey Up"
"36.1.","2 Pack Indoor Fly Traps (2 Devices + 10 Glue Cards) Night Lamp Mosquito Killer Fly Trap Plug-in Fly Trap for Mosquitoes, Flies, Fruit Flies Moth","B0D9JNDGZT","https://www.amazon.it/dp/B0D9JNDGZT?psc=1","https://m.media-amazon.com/images/I/71-bT-Jti9L._AC_SY355_.jpg","pancellent",13.28,121,82,"N/A","1,781.36","1,325.96",144,"1,020","N/A",6.49,1,4,302,7,"N/A","Joey Up","Garden","Small Parcel","FBA","13.30 x 7.10 x 8.20 cm",0.22,"N/A","Oct 25, 2024",,"No",17,"Joey Up"
37.,"Fly Trap Fly Trap (36 Pieces), Yellow Adhesive Fly Trap for Flying Insects Against Pests, Aphids, Fruit Flies Yellow, Flower Category","B0DNQF33MR","https://www.amazon.it/dp/B0DNQF33MR?psc=1","https://m.media-amazon.com/images/I/61Y-mm1xbXL._AC_SY355_.jpg","peiqiup",6.49,425,184,50,"2,486.13","1,192.13",133,349,"N/A",2.78,2,4.3,292,7,51,"SIAWILDWINS","Garden","Standard Envelope","FBA","17.00 x 1.70 x 14.20 cm",0.13,"N/A","Jan 23, 2025",,"No",14,"SIAWILDWINS"
"37.1.","Fly Trap Fly Trap (12 Pcs), Yellow Adhesive Fly Trap for Flying Insects Against Pests, Aphids, Fruit Flies, Yellow, Butterfly+Succulent","B0DNQFSLKV","https://www.amazon.it/dp/B0DNQFSLKV?psc=1","https://m.media-amazon.com/images/I/61kq-8rcyhL._AC_SY355_.jpg","peiqiup",4.99,425,211,100,"2,486.13","1,050.78",135,349,"N/A",3.4,1,4.3,292,7,51,"SIAWILDWINS","Garden","Small Envelope","FBA","12.70 x 1.00 x 8.30 cm",0.03,"N/A","Jan 30, 2025",,"No",14,"SIAWILDWINS"
"37.2.","Fly Trap (48 Pieces), Fly Trap Stickers, Fly Trap for Flying Insects Against Pests, Aphids, Fruit Flies, Sunflower and Butterfly Shape, Blue","B0G4QFBM8W","https://www.amazon.it/dp/B0G4QFBM8W?psc=1","https://m.media-amazon.com/images/I/712xktLQoOL._AC_SY355_.jpg","peiqiup",6.99,0,0,"N/A",0,0,140,349,"N/A","N/A",1,4.3,292,"N/A",0,"SIAWILDWINS","Garden","N/A","FBA","N/A","N/A","N/A","N/A",,"No","N/A","SIAWILDWINS"
"37.3.","Fly Trap Fly Trap (72 Pieces), Yellow Adhesive Fly Trap for Flying Insects Against Pests, Aphids, Fruit Flies, Yellow, Butterfly","B0F1D5CGSM","https://www.amazon.it/dp/B0F1D5CGSM?psc=1","https://m.media-amazon.com/images/I/71SMtsxlRDL._AC_SY355_.jpg","peiqiup",7.99,425,30,"N/A","2,486.13",238.54,128,349,"N/A",4.01,1,4.3,292,7,52,"SIAWILDWINS","Garden","Standard Envelope","FBA","21.00 x 1.80 x 20.00 cm",0.21,"N/A","May 22, 2025",,"No",10,"SIAWILDWINS"
39.,"com-four Set of 14 Yellow Traps with Base – for Home and Garden – Against Midges, Aphids, Drosophila – Adhesive Sheets (14-Piece Set – Gelbsticker + Behälter)","B0FH756S1H","https://www.amazon.it/dp/B0FH756S1H?psc=1","https://m.media-amazon.com/images/I/617t4aABolL._AC_SY355_.jpg","com-four",8.99,0,0,"N/A",0,0,158,"46,313","DE",5.3,1,4,250,7,0,"COM-FOUR  Vertriebs GmbH","Garden","Small Parcel","FBA","8.00 x 14.50 x 8.00 cm",0.12,"N/A","Jul 10, 2025",,"No",8,"COM-FOUR  Vertriebs GmbH"
"39.1.","com-four® 50 x Yellow Fly Traps for Indoor and Outdoor Use - Decorative Adhesive Trap Against Flies and Aphids - Adhesive Insect Traps (50 Pieces - Fly Trap)","B0DDT3D786","https://www.amazon.it/dp/B0DDT3D786?psc=1","https://m.media-amazon.com/images/I/71hbe4vEDYL._AC_SY355_.jpg","com-four",9.99,0,0,"N/A",0,0,157,"46,313","N/A",5.14,1,4,250,8,0,"COM-FOUR  Vertriebs GmbH","Garden","Large Envelope","FBA","14.50 x 3.70 x 9.80 cm",0.17,"N/A","Nov 26, 2024",,"No",16,"COM-FOUR  Vertriebs GmbH"
41.,"50 Pcs Sticky Cherry Traps, Olive Flies Insect Trap for White Fly, Olive Fruit Fly, Aphids, Leaf Miners, Buzzers (15 cm x 20 cm)","B085PSQR62","https://www.amazon.it/dp/B085PSQR62?psc=1","https://m.media-amazon.com/images/I/61VGthZ9JpL._AC_SY355_.jpg","Panngu",17.97,176,109,50,"2,996.43","1,800.91",128,519,"CN",4.79,1,4.2,"1,811",7,14,"PANNGU - IT","Garden","Large Envelope","FBA","20.40 x 2.00 x 15.40 cm",0.56,"N/A","Mar 18, 2020",,"No",72,"PANNGU - IT"
"41.1.","Sticky Traps 20 Pieces 15 cm x 20 cm Fly Trap Insect Trap for White Fly, Fruit Fly, Aphids, Leaf Miners Catchers Dual-Side Traps (Included Bushes)","B086W9DDPZ","https://www.amazon.it/dp/B086W9DDPZ?psc=1","https://m.media-amazon.com/images/I/61h-AMxjQgL._AC_SY355_.jpg","Panngu",11.98,176,44,"N/A","2,996.43",520.34,146,519,"N/A",3.77,1,4.2,"1,811",7,13,"PANNGU - IT","Garden","Standard Envelope","FBA","20.20 x 1.00 x 15.20 cm",0.2,"N/A","Jun 30, 2020",,"No",69,"PANNGU - IT"
48.,"Turboprodukte Fruit Fly Trap","B06XXC5RR8","https://www.amazon.it/dp/B06XXC5RR8?psc=1","https://m.media-amazon.com/images/I/71+2c-G46OL._AC_SY355_.jpg","TURBO PRODUKTE",13.82,0,0,"N/A",0,0,28,"52,058","DE",4.7,2,3.8,929,4,0,"TURBO PRODUKTE","Garden","Extra Large Envelope","FBA","15.00 x 5.50 x 11.70 cm",0.04,"N/A","Apr 28, 2018",,"No",95,"TURBO PRODUKTE"
"48.1.","Turboprodukte Fruit Fly Trap","B06XXCGF38","https://www.amazon.it/dp/B06XXCGF38?psc=1","https://m.media-amazon.com/images/I/7128lpU6kWL._AC_SY355_.jpg","TURBO PRODUKTE",7.41,0,0,"N/A",0,0,28,"52,069","N/A",4.7,1,3.8,929,4,0,"TURBO PRODUKTE","Garden","Small Parcel","MFN","15.00 x 11.00 x 12.00 cm",0,"N/A","Apr 28, 2018",,"No",95,"TURBO PRODUKTE"
"48.2.","Turboprodukte Fruit Fly Trap","B06XX731HN","https://www.amazon.it/dp/B06XX731HN?psc=1","https://m.media-amazon.com/images/I/71Wv7Y5h0jL._AC_SY355_.jpg","TURBO PRODUKTE",15.57,0,0,"N/A",0,0,28,"52,069","N/A",6.51,2,3.8,929,5,0,"TURBO PRODUKTE","Garden","Extra Large Envelope","FBA","21.00 x 5.90 x 7.10 cm",0.09,"N/A","Apr 24, 2018",,"No",95,"TURBO PRODUKTE"
49.,"PIC Fly Trap – 60 x Fly Trap at Home, Bed Bug Catcher Effective Against Plant Gnats, Double Sided Yellow Fly Paper Against Sciaridi – Works Up to 6 Months","B0BD9759HW","https://www.amazon.it/dp/B0BD9759HW?psc=1","https://m.media-amazon.com/images/I/812TnXa-ARL._AC_SY355_.jpg","PIC",9.99,147,110,50,"1,469.65","1,095.7",154,574,"DE",4.59,1,4.3,"4,624",8,69,"UE-SHOP","Garden","Standard Envelope","FBA","19.50 x 2.00 x 12.10 cm",0.18,"N/A","Jan 24, 2023",,"No",38,"UE-SHOP"
"49.1.","PIC Fly Trap – 10 x Fly Trap at Home, Bed Bug Catcher Effective Against Plant Gnats, Double Sided Yellow Fly Paper Against Sciaridi – Works Up to 6 Months","B0DNT7FZ85","https://www.amazon.it/dp/B0DNT7FZ85?psc=1","https://m.media-amazon.com/images/I/81ZU1RkETiL._AC_SY355_.jpg","PIC",6.95,147,21,"N/A","1,469.65",148.47,154,574,"N/A",3.69,1,4.3,"4,624",7,68,"UE-SHOP","Garden","Standard Envelope","FBA","17.90 x 2.10 x 10.30 cm",0.03,"N/A","Nov 22, 2024",,"No",16,"UE-SHOP"
"49.2.","PIC Fly Trap – 120 x Fly Trap at Home, Bed Bug Catcher Effective Against Plant Gnats, Double Sided Yellow Fly Paper Against Sciaridi – Works Up to 6 Months","B0DNT55PBP","https://www.amazon.it/dp/B0DNT55PBP?psc=1","https://m.media-amazon.com/images/I/81M5H-KdDBL._AC_SY355_.jpg","PIC",13.99,147,16,"N/A","1,469.65",223.61,155,574,"N/A",6.73,1,4.3,"4,624",7,69,"UE-SHOP","Garden","Standard Envelope","FBA","18.00 x 1.90 x 11.30 cm",0.31,"N/A","Nov 22, 2024",,"No",16,"UE-SHOP"
53.,"50 Pieces Cherry Fly Traps, Olive Fly Trap Yellow Sticky Bilateral Fly Traps for Flying Insects for Olives, Aphids, Funguses, Leafminers and White Flies","B07PMM3PRJ","https://www.amazon.it/dp/B07PMM3PRJ?psc=1","https://m.media-amazon.com/images/I/71hUJ0klDiL._AC_SY355_.jpg","Panngu",16.97,218,173,50,"3,042.1","2,600.41",152,481,"CN",4.71,1,4.2,"5,476",7,28,"PANNGU - IT","Garden","Large Envelope","FBA","20.60 x 3.10 x 15.80 cm",0.56,"N/A","Mar 30, 2019",,"No",84,"PANNGU - IT"
"53.1.","20 Plant Flycatcher, Bilateral Yellow Sticky Traps for Flying Insects - Flying in Greenhouses, Aphids, Fungal Midges, Leafminers and White Flies (6 x 8 Inches)","B07LBK1WHV","https://www.amazon.it/dp/B07LBK1WHV?psc=1","https://m.media-amazon.com/images/I/61fAVfoLw2L._AC_SY355_.jpg","Panngu",9.97,218,45,"N/A","3,042.1",441.1,159,481,"CN",3.61,1,4.2,"5,476",7,28,"PANNGU - IT","Garden","Standard Envelope","FBA","20.00 x 1.70 x 15.10 cm",0.21,"N/A","Mar 30, 2019",,"No",84,"PANNGU - IT"
58.,"Pack of 10 Fruit Fly Trap for Orchard in the Shape of a Hanging Ball for Fruit Flies Bait Stick Trap for Insects Ball for Kitchen Plants for In","B0D9VF4W5L","https://www.amazon.it/dp/B0D9VF4W5L?psc=1","https://m.media-amazon.com/images/I/61a9H0XI9qL._AC_SY355_.jpg","Morkite",11.8,6,5,"N/A",74.96,50.5,143,"4,740","CN","N/A",8,4.5,3,7,0,"zhehuang1300","Garden","N/A","MFN","N/A","N/A","N/A","Aug 3, 2024",,"No",19,"zhehuang1300"
"58.1.","Pack of 10 Fruit Fly Trap for Orchard in the Shape of a Hanging Ball for Fruit Flies Bait Stick Trap for Insects Ball for Kitchen Plants for in","B0D9VCDPTP","https://www.amazon.it/dp/B0D9VCDPTP?psc=1","https://m.media-amazon.com/images/I/612mY3VrPLL._AC_SY355_.jpg","Morkite",14.19,6,2,"N/A",74.96,24.2,143,"4,740","N/A","N/A",5,4.5,3,7,0,"zhehuang1300","Garden","N/A","MFN","N/A","N/A","N/A","Jul 22, 2024",,"No",20,"zhehuang1300"
61.,"Blooven Pack of 30 Fly Plants Indoor Yellow Stickers Against Aphids, Thrips and White Flies, Pests – House Trap","B09PV8Z575","https://www.amazon.it/dp/B09PV8Z575?psc=1","https://m.media-amazon.com/images/I/61u-oT71hPL._AC_SY355_.jpg","Blooven",7.59,269,177,"N/A","2,296.39","1,410.87",111,826,"CN","N/A",1,4.2,"21,503",6,463,"Blooven","Garden","Standard Envelope","FBA","14.10 x 1.40 x 13.00 cm",0.1,"N/A","Mar 20, 2022",,"No",48,"Blooven"
"61.1.","Blooven Fly Indoor Plants Yellow Stickers, Against Midges, Aphids, Gabs, Thrips and Whiteflies, Pests – House Trap Glies (30 Pieces Black)","B0CNGLFVJT","https://www.amazon.it/dp/B0CNGLFVJT?psc=1","https://m.media-amazon.com/images/I/71cIMjJOHTL._AC_SY355_.jpg","Blooven",7.59,269,25,"N/A","2,296.39",202.17,138,826,"N/A",4.41,1,4.2,"21,503",6,466,"Blooven","Garden","Standard Envelope","FBA","17.30 x 1.20 x 16.60 cm",0.1,"N/A","Jan 24, 2024",,"No",26,"Blooven"
"61.2.","Blooven Fly Plants Inner Stickers, Against Midges, Aphids, Gabs, Thrips and Whiteflies, Pests – House Trap Glies (Rectangular, 6.5 x 9 cm, 40 Pieces)","B0BW8YJZN9","https://www.amazon.it/dp/B0BW8YJZN9?psc=1","https://m.media-amazon.com/images/I/71BYUBTLNYL._AC_SY355_.jpg","Blooven",8.54,269,24,"N/A","2,296.39",216.54,149,826,"N/A","N/A",1,4.2,"21,503",6,447,"Blooven","Garden","Standard Envelope","FBA","14.00 x 2.00 x 10.00 cm",0.12,"N/A","Apr 11, 2023",,"No",35,"Blooven"
"61.3.","Blooven Pack of 60 Fly Plants Indoor Yellow Stickers Against Mosquitoes, Aphids, Glips, Thrips and Whiteflies, Parasites – House Trap Glies","B09PV7RMZF","https://www.amazon.it/dp/B09PV7RMZF?psc=1","https://m.media-amazon.com/images/I/61aaE3Bn+YL._AC_SY355_.jpg","Blooven",10.44,269,24,"N/A","2,296.39",262.3,139,826,"N/A","N/A",1,4.2,"21,503",6,463,"Blooven","Garden","Standard Envelope","FBA","14.30 x 2.30 x 13.10 cm",0.19,"N/A","Mar 11, 2022",,"No",48,"Blooven"
"61.4.","Blooven Fly Plants Inner Stickers, Against Midges, Aphids, Gabs, Thrips and Whiteflies, Pests – House Trap Glies (Rectangular, 6.5 x 9 cm, 60 Pieces)","B0BW8VSPRS","https://www.amazon.it/dp/B0BW8VSPRS?psc=1","https://m.media-amazon.com/images/I/71oyhtSjixL._AC_SY355_.jpg","Blooven",10.44,269,18,"N/A","2,296.39",201.14,149,826,"N/A",3.65,1,4.2,"21,503",6,540,"Blooven","Garden","Standard Envelope","FBA","13.50 x 2.10 x 10.40 cm",0.18,"N/A","Apr 5, 2023",,"No",35,"Blooven"
68.,"Folding Electric Mosquito Racket 4000 V 1800 mAh 3 in 1 USB Rechargeable Electric Fly Swatter Palette and LED Light Suitable for Indoor and Outdoor Use","B0DCNXYYNB","https://www.amazon.it/dp/B0DCNXYYNB?psc=1","https://m.media-amazon.com/images/I/81mBmJTRzPL._AC_SY355_.jpg","WOCVRYY",13.71,156,93,50,"2,373.2","1,413.19",151,554,"GB",4.79,2,4.5,"1,753",9,31,"AWI CAPIUIAL LIMITED s","Garden","Extra Large Envelope","FBA","26.90 x 5.10 x 22.90 cm",0.44,"N/A","Aug 9, 2024",,"No",19,"AWI CAPIUIAL LIMITED s"
"68.1.","Folding Electric Mosquito Racket 4000 V 1800 mAh 3 in 1 Electric Fly Swatter USB Rechargeable Insect Swatter Portable and LED Light Suitable for Indoor and Outdoor Use","B0DXSQ9YML","https://www.amazon.it/dp/B0DXSQ9YML?psc=1","https://m.media-amazon.com/images/I/71awhiwJgsL._AC_SY355_.jpg","WOCVRYY",15.19,156,12,"N/A","2,373.2",187.9,167,554,"N/A",4.97,1,4.5,"1,753",9,31,"MENGTING STORE","Garden","Extra Large Envelope","FBA","27.80 x 5.70 x 20.80 cm",0.43,"N/A","Feb 20, 2025",,"No",13,"MENGTING STORE"
"68.2.","Folding Electric Mosquito Racket 4000 V 1800 mAh 3 in 1 Electric Fly Swatter USB Rechargeable Insect Swatter Portable and LED Light Suitable for Indoor and Outdoor Use","B0FH1RGRN2","https://www.amazon.it/dp/B0FH1RGRN2?psc=1","https://m.media-amazon.com/images/I/7176xzSvzoL._AC_SY355_.jpg","WOCVRYY",13.71,156,16,"N/A","2,373.2",245.71,167,554,"N/A",4.79,1,4.5,"1,753",9,32,"AWI CAPIUIAL LIMITED s","Garden","Extra Large Envelope","FBA","27.80 x 5.70 x 21.00 cm",0.43,"N/A","Aug 19, 2025",,"No",7,"AWI CAPIUIAL LIMITED s"
"68.3.","Folding Electric Mosquito Racket 4000 V 1500 mAh 3 in 1 Electric Fly Swatter USB Rechargeable Insect Swatter Portable and LED Light Suitable for Indoor and Outdoor Use","B0FFG76PWF","https://www.amazon.it/dp/B0FFG76PWF?psc=1","https://m.media-amazon.com/images/I/71IlKWaBUPL._AC_SY355_.jpg","WOCVRYY",13.71,156,35,"N/A","2,373.2",524.99,167,554,"N/A",4.79,1,4.5,"1,753",9,31,"AWI CAPIUIAL LIMITED s","Garden","Extra Large Envelope","FBA","27.90 x 5.70 x 20.90 cm",0.42,"N/A","Feb 5, 2026",,"No",1,"AWI CAPIUIAL LIMITED s"
83.,"GeekerChip 30 Pieces Fly Trap, Yellow Sticky Traps, Plug-in Fly Trap Insect Plates for Flies, Aphids, Miner Flies and White Flies","B0DXQ1LFQB","https://www.amazon.it/dp/B0DXQ1LFQB?psc=1","https://m.media-amazon.com/images/I/61DfjyhTPHL._AC_SY355_.jpg","GeekerChip",5.59,"N/A","N/A","N/A","N/A","N/A",129,"1,430","N/A","N/A",3,4.2,"1,754","N/A","N/A","EVARICHFASHIONS.R.L.","Garden","N/A","FBA","N/A","N/A","N/A","N/A",,"No","N/A","EVARICHFASHIONS.R.L."
"83.1.","GeekerChip 12 Pieces Fly Trap, Yellow Sticky Traps, Plug-in Fly Trap Insect Plates for Flies, Aphids, Miner Flies and White Flies","B0DXPZQ14C","https://www.amazon.it/dp/B0DXPZQ14C?psc=1","https://m.media-amazon.com/images/I/618mtFp7e1L._AC_SY355_.jpg","GeekerChip",4.59,123,21,"N/A",668.69,82.51,129,"1,430","N/A",3.24,2,4.2,"1,754",7,29,"EVARICHFASHIONS.R.L.","Garden","Standard Envelope","FBA","12.50 x 1.10 x 8.50 cm",0.04,"N/A","Apr 13, 2025",,"No",11,"EVARICHFASHIONS.R.L."
"83.2.","GeekerChip 30 Pieces Fly Trap, Yellow Sticky Traps, Plug-in Fly Trap Insect Plates for Flies, Aphids, Miner Flies and White Flies (Black)","B0DXQ1H89S","https://www.amazon.it/dp/B0DXQ1H89S?psc=1","https://m.media-amazon.com/images/I/61J9pTW-PAL._AC_SY355_.jpg","GeekerChip",5.59,123,9,"N/A",668.69,48.19,137,"1,430","N/A",3.65,2,4.2,"1,754",7,29,"EVARICHFASHIONS.R.L.","Garden","Standard Envelope","FBA","14.40 x 1.40 x 13.20 cm",0.09,"N/A","Apr 24, 2025",,"No",11,"EVARICHFASHIONS.R.L."
"83.3.","GeekerChip 40 Pieces Fly Trap, Yellow Sticky Traps, Plug-in Fly Trap Insect Plates for Flies, Aphids, Miner Flies and White Flies","B0DXQ2HV4P","https://www.amazon.it/dp/B0DXQ2HV4P?psc=1","https://m.media-amazon.com/images/I/61fAX0lAz1L._AC_SY355_.jpg","GeekerChip",5.99,123,22,"N/A",668.69,131.99,129,"1,430","N/A",3.12,1,4.2,"1,754",7,29,"EVARICHFASHIONS.R.L.","Garden","Standard Envelope","FBA","13.70 x 1.60 x 13.50 cm",0.12,"N/A","Apr 13, 2025",,"No",11,"EVARICHFASHIONS.R.L."
"83.4.","GeekerChip Plug-in Fly Trap [50 PCS], Insect Fly Traps, Yellow Plates Adhesive Sticky Traps for Mosquito Plants and Pests, Ideal for Plants on Balcony or Garden","B08SJ5QYNF","https://www.amazon.it/dp/B08SJ5QYNF?psc=1","https://m.media-amazon.com/images/I/71IfKnWf89L._AC_SX355_.jpg","GeekerChip",6.59,123,5,"N/A",668.69,33.52,160,"1,430","N/A",3.8,2,4.2,"1,754",5,34,"EVARICHFASHIONS.R.L.","Garden","Standard Envelope","FBA","14.70 x 2.00 x 12.50 cm",0.15,"N/A","Mar 11, 2021",,"No",60,"EVARICHFASHIONS.R.L."
87.,"40 Pcs Fly Traps, 25 x 40 cm, Paper Stickers for Flies and Fungus, Insect Traps, Double Sided Sticky Fly Catcher for Insect Against Fungus Gnats, Whiteflies","B0BG3X8B5F","https://www.amazon.it/dp/B0BG3X8B5F?psc=1","https://m.media-amazon.com/images/I/71XqrJFTloL._AC_SY355_.jpg","SEIWEI",29.58,"N/A","N/A","N/A","N/A","N/A",156,"21,926","CN","N/A",1,3,3,"N/A","N/A","Tool-Supermart","Garden","N/A","N/A","N/A","N/A","N/A","N/A",,"No","N/A","Tool-Supermart"
"87.1.","Fly Traps Adhesive Fly Traps, 8 x 6 Inches, Yellow, Fly Traps, Insect Traps, Double Sided Adhesive Insect Traps Against Fungus Gnats, Whiteflies, Aphids","B0BG3W3SHX","https://www.amazon.it/dp/B0BG3W3SHX?psc=1","https://m.media-amazon.com/images/I/71nkoZhdFQL._AC_SY355_.jpg","SEIWEI",10.38,0,0,"N/A",0,0,152,"21,926","N/A","N/A",1,3,3,"N/A",0,"Tool-Supermart","Garden","N/A","N/A","N/A","N/A","N/A","N/A",,"No","N/A","Tool-Supermart"
"87.2.","20 Pcs Fly Traps, 20 x 10 cm, Paper Stickers for Flies and Fungus, Insect Traps, Double Sided Sticky Fly Catcher for Insect Against Fungus Gnats, Whiteflies","B0BG3YXZ3C","https://www.amazon.it/dp/B0BG3YXZ3C?psc=1","https://m.media-amazon.com/images/I/71XqrJFTloL._AC_SY355_.jpg","SEIWEI",10.78,0,0,"N/A",0,0,156,"21,926","N/A","N/A",1,3,3,"N/A",0,"Tool-Supermart","Garden","N/A","N/A","N/A","N/A","N/A","N/A",,"No","N/A","Tool-Supermart"
"87.3.","20 Pcs Fly Traps, 20 x 15 cm, Paper Stickers for Flies and Fungus, Insect Traps, Double Sided Sticky Fly Catcher for Insect Against Fungus Gnats, Whiteflies","B0BG3WJ5HT","https://www.amazon.it/dp/B0BG3WJ5HT?psc=1","https://m.media-amazon.com/images/I/71XqrJFTloL._AC_SY355_.jpg","SEIWEI",12.12,0,0,"N/A",0,0,156,"21,926","N/A","N/A",1,3,3,"N/A",0,"Tool-Supermart","Garden","N/A","N/A","N/A","N/A","N/A","N/A",,"No","N/A","Tool-Supermart"
"87.4.","20 Pcs Fly Traps, 20 x 10 cm, Yellow, Fly Traps and Fungus Traps, Insect Traps, Double Sided Sticky Fly Catcher for Insect Against Fungus Gnats, Whiteflies","B0BG3Y6BWL","https://www.amazon.it/dp/B0BG3Y6BWL?psc=1","https://m.media-amazon.com/images/I/71nkoZhdFQL._AC_SY355_.jpg","SEIWEI",10.78,0,0,"N/A",0,0,155,"21,926","N/A","N/A",1,3,3,"N/A",0,"Tool-Supermart","Garden","N/A","N/A","N/A","N/A","N/A","N/A",,"No","N/A","Tool-Supermart"
"87.5.","Sticky Fly Traps, 8 x 12 Inches, Yellow, Fly Traps for Fungus and Fungus, Insect Traps, Double Sided Sticky Fly Catcher for Insect Against Fungus Gnats, Whiteflies","B0BG3VZP2K","https://www.amazon.it/dp/B0BG3VZP2K?psc=1","https://m.media-amazon.com/images/I/71nkoZhdFQL._AC_SY355_.jpg","SEIWEI",10.92,0,0,"N/A",0,0,163,"21,926","N/A","N/A",1,3,3,"N/A",0,"Tool-Supermart","Garden","N/A","N/A","N/A","N/A","N/A","N/A",,"No","N/A","Tool-Supermart"
"87.6.","20 Pcs Fly Traps, 8 x 10 Inches, Paper Stickers for Flies and Fungus, Insect Traps, Double Sided Sticky Fly Catcher for Insect Against Fungus Gnats, Whiteflies","B0BG3TSM41","https://www.amazon.it/dp/B0BG3TSM41?psc=1","https://m.media-amazon.com/images/I/71XqrJFTloL._AC_SY355_.jpg","SEIWEI",13.45,0,0,"N/A",0,0,159,"21,926","N/A","N/A",1,3,3,"N/A",0,"Tool-Supermart","Garden","N/A","N/A","N/A","N/A","N/A","N/A",,"No","N/A","Tool-Supermart"
"87.7.","20 Pcs Fly Traps, 20 x 15 cm, Yellow, Fly Traps and Fungus Traps, Insect Traps, Double Sided Sticky Fly Catcher for Insect Against Fungus Gnats, Whiteflies","B0BG3WN1BK","https://www.amazon.it/dp/B0BG3WN1BK?psc=1","https://m.media-amazon.com/images/I/71nkoZhdFQL._AC_SY355_.jpg","SEIWEI",12.12,0,0,"N/A",0,0,155,"21,926","N/A","N/A",1,3,3,"N/A",0,"Tool-Supermart","Garden","N/A","N/A","N/A","N/A","N/A","N/A",,"No","N/A","Tool-Supermart"
"87.8.","40 Pcs Fly Traps, 20 x 10 cm, Paper Stickers for Flies and Fungus, Insect Traps, Double Sided Sticky Fly Catcher for Insect Against Fungus Gnats, Whiteflies","B0BG3XT9CR","https://www.amazon.it/dp/B0BG3XT9CR?psc=1","https://m.media-amazon.com/images/I/71XqrJFTloL._AC_SY355_.jpg","SEIWEI",15.72,0,0,"N/A",0,0,156,"21,926","N/A","N/A",1,3,3,"N/A",0,"Tool-Supermart","Garden","N/A","N/A","N/A","N/A","N/A","N/A",,"No","N/A","Tool-Supermart"
"87.9.","Fly Traps Stickers, 25 x 40 cm, Paper Stickers for Flies and Fungus, Insect Traps, Double Sided Sticky Fly Catcher for Insect Against Fungus Gnats, Whiteflies","B0BG3YNFFR","https://www.amazon.it/dp/B0BG3YNFFR?psc=1","https://m.media-amazon.com/images/I/71XqrJFTloL._AC_SY355_.jpg","SEIWEI",12.38,0,0,"N/A",0,0,158,"21,926","N/A","N/A",1,3,3,"N/A",0,"Tool-Supermart","Garden","N/A","N/A","N/A","N/A","N/A","N/A",,"No","N/A","Tool-Supermart"
"87.10.","20 Pcs Fly Traps, 20 x 30 cm, Paper Stickers for Flies and Fungus, Insect Traps, Double Sided Sticky Fly Catcher for Insect Against Fungus Gnats, Whiteflies","B0BG3TBS63","https://www.amazon.it/dp/B0BG3TBS63?psc=1","https://m.media-amazon.com/images/I/71XqrJFTloL._AC_SY355_.jpg","SEIWEI",14.65,0,0,"N/A",0,0,156,"21,926","N/A","N/A",1,3,3,"N/A",0,"Tool-Supermart","Garden","N/A","N/A","N/A","N/A","N/A","N/A",,"No","N/A","Tool-Supermart"
89.,"Trappola per Mosche da Interni V2 | Insetticida Elettrico con Trappola Adesiva & Spina Orientabile | Contro Moscerini, Mosche, Falene, Zanzare | Cucina & Casa, 1 Dispositivo + 6 Ricariche","B0GD7LN4K1","https://www.amazon.it/dp/B0GD7LN4K1?psc=1","https://m.media-amazon.com/images/I/71MT9lMWbOL._SX342_.jpg","URBZUE",25.99,"N/A","N/A","N/A","N/A","N/A",187,"13,495","CN","N/A",1,4.2,49,"N/A","N/A","URBZUE DIRECT","Garden","N/A","N/A","N/A","N/A","N/A","N/A",,"No","N/A","URBZUE DIRECT"
"89.1.","Trappola per Mosche da Interni V2 | Insetticida Elettrico con Trappola Adesiva & Spina Orientabile | Contro Moscerini, Mosche, Falene, Zanzare | Cucina & Casa, 2 Dispositivo + 12 Ricariche","B0GD7LMTH4","https://www.amazon.it/dp/B0GD7LMTH4?psc=1","https://m.media-amazon.com/images/I/71AUBN7IoIL._SX342_.jpg","URBZUE",46.99,3,1,"N/A",94.42,36.81,188,"13,495","N/A",11.59,1,4.2,49,8,0,"URBZUE DIRECT","Garden","Small Parcel","FBA","15.00 x 11.00 x 11.00 cm",0.17,"N/A","Mar 5, 2026",,"No",0,"URBZUE DIRECT"
105.,"Trappola per mosche per interni, 3 in 1, trappola per moscerini della frutta, 2 trappole nere e 10 carte adesive, trappola per moscerini per moscerini, falene, zanzare, adatta per ogni parte","B0F1FP4HM3","https://www.amazon.it/dp/B0F1FP4HM3?psc=1","https://m.media-amazon.com/images/I/71RgAUwdRqL._AC_SY355_.jpg","Hogius",27.44,"N/A","N/A","N/A","N/A","N/A",190,"N/A","US","N/A",1,3.6,203,"N/A","N/A","Amazon US",,"N/A","N/A","N/A","N/A","N/A","N/A",,"No","N/A","Amazon US"
"105.1.","Trappola per mosche per interni, 3 in 1, trappola per moscerini della frutta, 1 trappola bianca e 5 carte adesive, trappola per moscerini, falene, zanzare, adatta per ogni parte della casa","B0F1FQ1BWC","https://www.amazon.it/dp/B0F1FQ1BWC?psc=1","https://m.media-amazon.com/images/I/61g0ZZ87WFL._AC_SY355_.jpg","Hogius",20.54,0,0,"N/A",0,0,188,"N/A","N/A","N/A",1,3.6,203,"N/A",0,"Amazon US",,"N/A","N/A","N/A","N/A","N/A","N/A",,"No","N/A","Amazon US"
"105.2.","Trappola per mosche per interni, 3 in 1, trappola per moscerini della frutta, 1 trappola nera e 5 carte adesive, trappola per moscerini, falene, zanzare, adatta per ogni parte della casa","B0F1FPYPSN","https://www.amazon.it/dp/B0F1FPYPSN?psc=1","https://m.media-amazon.com/images/I/61XcBDUHAhL._AC_SY355_.jpg","Hogius",21.39,0,0,"N/A",0,0,186,"N/A","N/A","N/A",1,3.6,203,"N/A",0,"Amazon US",,"N/A","N/A","N/A","N/A","N/A","N/A",,"No","N/A","Amazon US"
"105.3.","Trappola per mosche per interni, 3 in 1, trappola per moscerini, falene, zanzare, adatta per ogni parte della casa","B0F1FSQ51H","https://www.amazon.it/dp/B0F1FSQ51H?psc=1","https://m.media-amazon.com/images/I/71N81xWCrPL._AC_SY355_.jpg","Hogius",42.66,0,0,"N/A",0,0,114,"N/A","N/A","N/A",1,3.6,203,"N/A",0,"Amazon US",,"N/A","N/A","N/A","N/A","N/A","N/A",,"No","N/A","Amazon US"
"105.4.","Trappola per mosche per interni, 3 in 1, trappola per moscerini, falene, zanzare, adatta per ogni parte della casa","B0F1FR2Z8G","https://www.amazon.it/dp/B0F1FR2Z8G?psc=1","https://m.media-amazon.com/images/I/712itXC8MYL._AC_SY355_.jpg","Hogius",41.89,0,0,"N/A",0,0,114,"N/A","N/A","N/A",1,3.6,203,"N/A",0,"Amazon US",,"N/A","N/A","N/A","N/A","N/A","N/A",,"No","N/A","Amazon US"
110.,"VEYOFLY Fly Insect Trap Refill – Refills for Indoor Insects, Indoor Fly Trap Trap for Mosquitoes, Insects, Flies, Moth and Fruit Flies (Pack of 5)","B0BXRT4KVW","https://www.amazon.it/dp/B0BXRT4KVW?psc=1","https://m.media-amazon.com/images/I/71ziq9LreXL._AC_SY355_.jpg","VEYOFLY",11.97,"N/A","N/A","N/A","N/A","N/A",146,"1,030","US","N/A",1,4.1,"9,063","N/A","N/A","VEYOFLY IT","Garden","N/A","FBA","N/A","N/A","N/A","N/A",,"No","N/A","VEYOFLY IT"
"110.1.","VEYOFLY Flying Insect Trap, Insect Catch, Indoor Fly Trap, Safe Home, Fly Traps, Moth Traps, Mosquitoes, Anti-Zink Light Insecticide Plug (2 Devices + 6 Adhesive Cards)","B0BDT4XZR4","https://www.amazon.it/dp/B0BDT4XZR4?psc=1","https://m.media-amazon.com/images/I/61-olCURIsL._AC_SX355_.jpg","VEYOFLY",31.97,118,82,50,"3,535.08","2,625.29",168,"1,030","US",10.33,1,4.1,"9,063",9,97,"VEYOFLY IT","Garden","Small Parcel","FBA","14.10 x 7.40 x 11.10 cm",0.27,"N/A","Jun 6, 2024",,"No",21,"VEYOFLY IT"
"110.2.","VEYOFLY Flying Insect Trap, Insect Catch, Indoor Fly Trap, Safe Home, Fly Traps, Moth Traps, Mosquitoes, Anti-Zink Light Insecticide Plug (4 Devices + 12 Adhesive Cards)","B0C3LHD9SD","https://www.amazon.it/dp/B0C3LHD9SD?psc=1","https://m.media-amazon.com/images/I/71dhHYKShFL._AC_SY355_.jpg","VEYOFLY",57.97,118,9,"N/A","3,535.08",505.82,169,"1,030","US",14.55,1,4.1,"9,063",9,97,"VEYOFLY IT","Garden","Small Parcel","FBA","16.10 x 11.20 x 14.30 cm",0.53,"N/A","Oct 5, 2024",,"No",17,"VEYOFLY IT"
"110.3.","VEYOFLY Fly Trap Refills, Insect Catch, Indoor Fly Trap, Safe Home, Indoor Fly Traps, Mosquito Killer, Insect Killer (Pack of 5)","B0BDST8YVQ","https://www.amazon.it/dp/B0BDST8YVQ?psc=1","https://m.media-amazon.com/images/I/61dJRHsonIL._AC_SY355_.jpg","VEYOFLY",12.97,118,8,"N/A","3,535.08",102.79,128,"1,030","N/A",5.23,1,4.1,"9,063",7,97,"VEYOFLY IT","Garden","Standard Envelope","FBA","15.40 x 1.20 x 9.50 cm",0.05,"N/A","Jul 23, 2024",,"No",20,"VEYOFLY IT"
"110.4.","VEYOFLY Fly Trap Refills, Insect Catch, Indoor Fly Trap, Safe Home, Indoor Fly Traps, Mosquito Killer, Insect Killer (Pack of 10)","B0BHKH97P2","https://www.amazon.it/dp/B0BHKH97P2?psc=1","https://m.media-amazon.com/images/I/61ArE+v9x-L._AC_SX355_.jpg","VEYOFLY",19.97,118,5,"N/A","3,535.08",96.6,129,"1,030","N/A",6.41,1,4.1,"9,063",7,97,"VEYOFLY IT","Garden","Standard Envelope","FBA","15.49 x 2.21 x 9.40 cm",0.09,"N/A","Mar 3, 2025",,"No",12,"VEYOFLY IT"
"110.5.","VEYOFLY Fly Trap Refills, Fly Traps, Fly Trap Indoors, Safe Home, Fly Traps, Fly Traps, Insect Killer and Mosquitoes (Pack of 15)","B0BHN2YLRR","https://www.amazon.it/dp/B0BHN2YLRR?psc=1","https://m.media-amazon.com/images/I/71IZWvWmyoL._AC_SY355_.jpg","VEYOFLY",24.97,118,2,"N/A","3,535.08",52.06,129,"1,030","N/A",7.69,1,4.1,"9,063",6,97,"VEYOFLY IT","Garden","Large Envelope","FBA","15.40 x 3.20 x 9.70 cm",0.13,"N/A","Jun 12, 2025",,"No",9,"VEYOFLY IT"
111.,"Trappole per mosche della frutta per interni, trappola per insetti volanti con luce notturna automatica, cattura insetti da interni, trappola per moscerini della frutta, moscerini, zanzare, falene (2","B0G47D84YC","https://www.amazon.it/dp/B0G47D84YC?psc=1","https://m.media-amazon.com/images/I/61klX0cN-+L._AC_SY355_.jpg","WAYSLA",41.54,"N/A","N/A","N/A","N/A","N/A",199,"N/A","US","N/A",1,3,11,"N/A","N/A","Amazon US",,"N/A","N/A","N/A","N/A","N/A","N/A",,"No","N/A","Amazon US"
"111.1.","Trappola per moscerini della frutta per interni, trappola per insetti volanti con luce notturna automatica, cattura insetti per interni, trappola per moscerini della frutta, moscerini, zanzare, tarme","B0G47K9B63","https://www.amazon.it/dp/B0G47K9B63?psc=1","https://m.media-amazon.com/images/I/61klX0cN-+L._AC_SY355_.jpg","WAYSLA",31.94,0,0,"N/A",0,0,199,"N/A","N/A","N/A",1,3,11,"N/A",0,"Amazon US",,"N/A","N/A","N/A","N/A","N/A","N/A",,"No","N/A","Amazon US"
113.,"8pcs Yellow Plant Fly Trap Stickers, 3, 2x3, 2pcs Strong Adhesive Fruit Fly Traps, Safe Fly Catch Ball for Kitchen, Indoor Fruit Shop","B0FX2X4622","https://www.amazon.it/dp/B0FX2X4622?psc=1","https://m.media-amazon.com/images/I/719P8Fd7i+L._AC_SX342_.jpg","Joygoodta",12.89,"N/A","N/A","N/A","N/A","N/A",133,"N/A","CN","N/A",1,"N/A",0,"N/A","N/A","RFITGNEEDNEED",,"N/A","N/A","N/A","N/A","N/A","N/A",,"No","N/A","RFITGNEEDNEED"
"113.1.","4pcs Yellow Plant Fly Trap Stickers, 3, 2x3, 2pcs Strong Adhesive Fruit Fly Traps, Safe Fly Catch Ball for Kitchen, Indoor Fruit Shop","B0FX2VV9KK","https://www.amazon.it/dp/B0FX2VV9KK?psc=1","https://m.media-amazon.com/images/I/61GNmZcBrDL._AC_SX342_.jpg","Joygoodta",9.59,0,0,"N/A",0,0,133,"N/A","N/A",5.03,1,"N/A",0,7,0,"RFITGNEEDNEED",,"Small Parcel","MFN","10.00 x 10.00 x 10.00 cm",0.12,"N/A","Jan 1, 2026",,"No",2,"RFITGNEEDNEED"
115.,"50 Pieces Sticky Traps for Plant Pest - Double Sided Sticky Yellow Trap for Flying Insects - Aphids, Fungal Gazes, White Flies. (20 x 15 cm, 50 Ties)","B085Q4S7CY","https://www.amazon.it/dp/B085Q4S7CY?psc=1","https://m.media-amazon.com/images/I/61L9COK9yPL._AC_SY355_.jpg","Panngu",15.99,"N/A","N/A","N/A","N/A","N/A",149,"1,218","CN","N/A",1,4.1,"1,605","N/A","N/A","PANNGU - IT","Garden","N/A","FBA","N/A","N/A","N/A","N/A",,"No","N/A","PANNGU - IT"
"115.1.","20 Plant Flycatcher, Bilateral Yellow Sticky Traps for Flying Insects - Flying in Greenhouses, Aphids, Fungal Midges, Leafminers and White Flies (6 x 8 Inches)","B08Y6VQFDJ","https://www.amazon.it/dp/B08Y6VQFDJ?psc=1","https://m.media-amazon.com/images/I/61J-TjW3ofS._AC_SY355_.jpg","Panngu",8.99,95,13,"N/A","1,297.45",119.86,159,"1,218","N/A",4.38,1,4.1,"1,605",4,17,"PANNGU - IT","Garden","Standard Envelope","FBA","20.30 x 2.10 x 17.40 cm",0.22,"N/A","May 18, 2021",,"No",58,"PANNGU - IT"
127.,"Sticky Traps 50 Pieces 15 cm x 20 cm Fly Trap Insect Trap for White Flies, Fruit Flies, Aphids, Leaf Miners, Buzzers (50 Pieces)","B07SPC95FX","https://www.amazon.it/dp/B07SPC95FX?psc=1","https://m.media-amazon.com/images/I/61Y9LdbESIL._AC_SY355_.jpg","HellDoler",14.79,"N/A","N/A","N/A","N/A","N/A",128,"22,900","CN","N/A",1,4.2,"1,085","N/A","N/A","Goomp-EU","Garden","N/A","FBA","N/A","N/A","N/A","N/A",,"No","N/A","Goomp-EU"
"127.1.","Sticky Traps 30 Pieces 15 cm x 20 cm Fly Trap Insect Trap for White Fly, Fruit Fly, Aphids, Leaf Miners, Buzzers (30PCS)","B07PWC2C1T","https://www.amazon.it/dp/B07PWC2C1T?psc=1","https://m.media-amazon.com/images/I/61Y9LdbESIL._AC_SY355_.jpg","HellDoler",11.99,1,1,"N/A",14.28,9.86,120,"22,900","N/A",4.84,1,4.2,"1,085",7,3,"Goomp-EU","Garden","Standard Envelope","FBA","21.00 x 1.50 x 14.90 cm",0.37,"N/A","May 28, 2019",,"No",82,"Goomp-EU"
128.,"VEYOFLY Flying Insect Trap – Plug Trap for Gaiters, Mosquitoes – Refills – Odour Free Light for Home (2 Devices+6 Refills)","B0BKX931FF","https://www.amazon.it/dp/B0BKX931FF?psc=1","https://m.media-amazon.com/images/I/71mUZVy9rAL._AC_SY355_.jpg","VEYOFLY",39.97,"N/A","N/A","N/A","N/A","N/A",122,"1,390","US","N/A",1,4,"3,076","N/A","N/A","VEYOFLY IT","Garden","N/A","N/A","N/A","N/A","N/A","N/A",,"No","N/A","VEYOFLY IT"
"128.1.","VEYOFLY Fruit Fly Traps for Indoors, Fly Trap Indoor, (1 Device + 3 Refills) Fly Catcher Indoor, Gnat Traps for House Indoor, Fly Trap, Safer Plug in Light Flying Insect Trap, Bug Killer","B0BJ1FLRJ5","https://www.amazon.it/dp/B0BJ1FLRJ5?psc=1","https://m.media-amazon.com/images/I/61-woeI30zL._AC_SX355_.jpg","VEYOFLY",24.97,77,42,"N/A","2,070.18","1,058.06",186,"1,390","N/A",8.61,1,4,"3,076",9,"N/A","VEYOFLY IT","Garden","Small Parcel","FBA","22.50 x 8.90 x 10.80 cm",0.31,"N/A","Aug 27, 2024",,"No",19,"VEYOFLY IT"
"128.2.","VEYOFLY - Indoor Fruit Fly Traps, Indoor Fly Traps (4 Devices + 12 Refills) for Indoor Fly Traps, Fly Traps, Insect Trap","B0D7F32R2H","https://www.amazon.it/dp/B0D7F32R2H?psc=1","https://m.media-amazon.com/images/I/810OsNwImvL._AC_SY355_.jpg","VEYOFLY",69.39,77,0,"N/A","2,070.18",0,120,"1,390","N/A",15.67,1,4,"3,076",9,0,"Amazon US","Garden","Standard Parcel","MFN","23.01 x 15.80 x 18.49 cm",1.03,"N/A","Mar 4, 2026",,"No",0,"Amazon US"
"128.3.","VEYOFLY Fly Insect Trap Refill, Insect Catch on Adhesive Paper, Indoor Fly Trap, Flea Trap, Safe Home, Mosquito Trap and Indoor Fly Traps (Pack of 5)","B0BN5R9N6R","https://www.amazon.it/dp/B0BN5R9N6R?psc=1","https://m.media-amazon.com/images/I/71VKPy19cYL._AC_SX355_.jpg","VEYOFLY",14.97,77,10,"N/A","2,070.18",155.37,149,"1,390","N/A",5.51,1,4,"3,076",6,"N/A","VEYOFLY IT","Garden","Standard Envelope","FBA","15.30 x 1.40 x 7.00 cm",0.03,"N/A","Jul 23, 2024",,"No",20,"VEYOFLY IT"
"128.4.","VEYOFLY Fly Insect Trap Refill, Insect Catch on Adhesive Paper, Indoor Fly Trap Trap Flea Trap, Safe Home, Mosquito Trap and Indoor Fly Trap (Pack of 10)","B0BN628DCL","https://www.amazon.it/dp/B0BN628DCL?psc=1","https://m.media-amazon.com/images/I/71fD11kWt6L._AC_SY355_.jpg","VEYOFLY",19.97,77,6,"N/A","2,070.18",121.95,153,"1,390","N/A",6.28,1,4,"3,076",6,"N/A","VEYOFLY IT","Garden","Standard Envelope","FBA","15.30 x 1.40 x 7.10 cm",0.05,"N/A","Mar 2, 2025",,"No",12,"VEYOFLY IT"
130.,"54 Pieces Sticky Insect Traps, 20 x 15 cm DIY Yellow Adhesive Fly Traps for Indoor Outdoor Plants for White Fly, Fruit Fly, Aphids","B08BCDQ3TM","https://www.amazon.it/dp/B08BCDQ3TM?psc=1","https://m.media-amazon.com/images/I/713d5a2lgBL._AC_SX355_.jpg","manfa",14.98,"N/A","N/A","N/A","N/A","N/A",130,"2,687","CN","N/A",1,4.2,98,"N/A","N/A","Manfâ","Garden","N/A","FBA","N/A","N/A","N/A","N/A",,"No","N/A","Manfâ"
"130.1.","54 x Sticky Insect Traps, 20 x 15 cm DIY Blue Adhesive Trap for Indoor Outdoor Plants for White Fly, Fruit Flies and Aphids","B08B858RL1","https://www.amazon.it/dp/B08B858RL1?psc=1","https://m.media-amazon.com/images/I/71j9XAi8j5L._AC_SX355_.jpg","manfa",14.97,33,27,"N/A",497.59,401.27,123,"2,687","N/A",4.55,1,4.2,98,7,0,"Manfâ","Garden","Large Envelope","FBA","21.10 x 2.80 x 15.70 cm",0.66,"N/A","Aug 12, 2020",,"No",67,"Manfâ"
136.,"ALLRoad Yellow Adhesive Fruit Trap, Fungus Fungus Gnats for Indoor and Outdoor Insects for Whiteflies, Mosquitoes, Fungal Mosquitoes, Flying Insects (18pcs)","B08G487B9M","https://www.amazon.it/dp/B08G487B9M?psc=1","https://m.media-amazon.com/images/I/61TcUA+x7IL._SX342_.jpg","ALLRoad",6.99,"N/A","N/A","N/A","N/A","N/A",156,"21,170","US","N/A",1,4.2,"1,456","N/A","N/A","Artisan International Trading LLC","Garden","N/A","FBA","N/A","N/A","N/A","N/A",,"No","N/A","Artisan International Trading LLC"
"136.1.","ALLRoad 18pcs Fruit Fly Traps Yellow Double Sided Indoor Outdoor White Fly Traps for Whiteflies Mosquitoes Flying Insects Mourning Mosquito","B0CJ58XWTW","https://www.amazon.it/dp/B0CJ58XWTW?psc=1","https://m.media-amazon.com/images/I/61RNzTBKDvL._SX342_.jpg","ALLRoad",5.99,0,0,"N/A",0,0,139,"21,170","N/A",3.59,1,4.2,"1,456",7,"1,400","Artisan International Trading LLC","Garden","Standard Envelope","FBA","12.90 x 1.60 x 8.40 cm",0.06,"N/A","Dec 28, 2023",,"No",27,"Artisan International Trading LLC"
"136.2.","ALLRoad Yellow Adhesive Fruit Trap, Fungus Fungus Gnats for Indoor and Outdoor Insects for Whiteflies, Mosquitoes, Fungal Mosquitoes, Flying Insects (18pcs)","B08G45C5XG","https://www.amazon.it/dp/B08G45C5XG?psc=1","https://m.media-amazon.com/images/I/61-FWDVXbmL._SX342_.jpg","ALLRoad",6.99,0,0,"N/A",0,0,156,"21,170","N/A",3.68,1,4.2,"1,456",7,1,"Artisan International Trading LLC","Garden","Standard Envelope","FBA","11.70 x 2.10 x 8.50 cm",0.06,"N/A","Dec 28, 2023",,"No",27,"Artisan International Trading LLC"
"136.3.","ALLRoad Pack of 36 Yellow Adhesive Fruit Fly Traps for Mosquitoes with Holes","B09KX37SK7","https://www.amazon.it/dp/B09KX37SK7?psc=1","https://m.media-amazon.com/images/I/61OWXtphhCL._SX342_.jpg","ALLRoad",25.61,0,0,"N/A",0,0,76,"21,170","N/A",8.43,1,4.2,"1,456",7,1,"Amazon US","Garden","Standard Parcel","N/A","38.60 x 1.70 x 18.70 cm",0.19,"N/A","Feb 28, 2026",,"No",1,"Amazon US"
"136.4.","ALLRoad 84 Pcs Fruit Fly Traps Yellow Sticky Houseplants Indoor Outdoor Insect Traps","B08GCCK9Z8","https://www.amazon.it/dp/B08GCCK9Z8?psc=1","https://m.media-amazon.com/images/I/61lBQAl0D3L._SX342_.jpg","ALLRoad",30.98,0,0,"N/A",0,0,84,"21,170","N/A",9.19,1,4.2,"1,456",7,1,"Amazon US","Garden","Small Parcel","MFN","15.90 x 8.41 x 11.51 cm",0.24,"N/A","Feb 28, 2026",,"No",1,"Amazon US"
22.,"Super Ninja Plant Fly Traps – 30 Pieces, Eco Adhesive Baits, Catch Soil Fly in the Home, Insecticide Free, Safe for Indoor/Outdoor Use, Duration 3 Months","B0B9H1JJ83","https://www.amazon.it/dp/B0B9H1JJ83?psc=1","https://m.media-amazon.com/images/I/91GEl1y+vLL._AC_SY355_.jpg","Super Ninja",6.79,"2,560","1,581",700,"19,446.48","12,554.78",153,24,"NL",3.33,1,4,"10,483",8,384,"Super Ninja ECO","Garden","Standard Envelope","FBA","12.80 x 2.40 x 7.40 cm",0.07,"N/A","Oct 6, 2022",,"No",41,"Super Ninja ECO"
"22.1.","Super Ninja Plant Fly Traps - 10 Pieces, Eco Adhesive Baits, Catch Soil Fly in the House, No Insecticides, Safe for Indoor/Outdoor Use, Duration 3 Months","B091TY9XDZ","https://www.amazon.it/dp/B091TY9XDZ?psc=1","https://m.media-amazon.com/images/I/81tova0L0uL._AC_SY355_.jpg","Super Ninja",5.99,"2,560",819,300,"19,446.48","4,897.66",153,24,"NL",3.57,1,4,"10,483",8,452,"Super Ninja ECO","Garden","Standard Envelope","FBA","14.70 x 1.40 x 7.40 cm",0.06,"N/A","Dec 23, 2021",,"No",51,"Super Ninja ECO"
"22.3.","Super Ninja Plant Fly Traps – 60 Pieces, Eco Adhesive Baits, Catch Soil Fly in the Home, Insecticide Free, Safe for Indoor/Outdoor Use, Duration 3 Months","B0D7MDHWT9","https://www.amazon.it/dp/B0D7MDHWT9?psc=1","https://m.media-amazon.com/images/I/91zDvw-8CTL._AC_SY355_.jpg","Super Ninja",10.19,"2,560",140,50,"19,446.48","1,671.98",153,24,"N/A",3.63,1,4,"10,483",8,382,"Super Ninja ECO","Garden","Standard Envelope","FBA","12.90 x 2.40 x 11.10 cm",0.15,"N/A","Feb 5, 2025",,"No",13,"Super Ninja ECO"
30.,"AiQInu 30 Pcs Yellow Fly Trap Fruit Fly Trap Fly Fungal Fly Garden Plant","B0D6G28D38","https://www.amazon.it/dp/B0D6G28D38?psc=1","https://m.media-amazon.com/images/I/71sxJ9ho1YL._AC_SY355_.jpg","AiQInu",6.29,194,100,"N/A","1,327.71",629.36,72,686,"AMZ",3.31,1,4.1,248,9,24,"Amazon","Garden","Standard Envelope","AMZ","16.10 x 1.30 x 12.20 cm",0.1,"N/A","Sep 6, 2024",,"No",18,"Amazon"
"30.1.","AiQInu 60 Pcs Yellow Fly Trap Fruit Fly Trap for Flying Insect Pests, White Fly, Aphids, Fungal Fly for Garden Plants","B0F66WP1DY","https://www.amazon.it/dp/B0F66WP1DY?psc=1","https://m.media-amazon.com/images/I/71sh6s32nUL._AC_SY355_.jpg","AiQInu",7.29,194,86,"N/A","1,327.71",629.3,117,686,"N/A",4.88,1,4.1,248,8,24,"Amazon","Garden","Standard Envelope","AMZ","19.60 x 1.80 x 13.10 cm",0.18,"N/A","Jul 3, 2025",,"No",8,"Amazon"
"30.2.","AiQInu 80 Pcs Yellow Fly Trap Fruit Fly Trap for Flying Insect Pests, White Fly, Aphids, Fungal Fly for Garden Plants","B0F66RP3K3","https://www.amazon.it/dp/B0F66RP3K3?psc=1","https://m.media-amazon.com/images/I/71gEjAE5GpL._AC_SY355_.jpg","AiQInu",8.99,194,7,"N/A","1,327.71",66.76,117,686,"N/A",3.73,1,4.1,248,8,24,"Amazon","Garden","Standard Envelope","AMZ","2.00 x 18.00 x 14.00 cm",0.24,"N/A","Jul 13, 2025",,"No",8,"Amazon"
31.,"kela 11901 Fruit Fly Trap, Ceramic Container, Stainless Steel Lid, Diameter 8.5 cm, 'Fino', Light Grey","B01DNX814M","https://www.amazon.it/dp/B01DNX814M?psc=1","https://m.media-amazon.com/images/I/51ihosjbe2L._AC_SY355_.jpg","kela",15.94,1,1,"N/A",17.22,11.74,102,"31,126","DE",5.19,1,3.8,"1,485",6,2,"TOPANBIETER999","Garden","Small Parcel","FBA","10.10 x 8.00 x 9.70 cm",0.28,"N/A","Apr 2, 2016",,"No",119,"TOPANBIETER999"
"31.1.","kela FINO Reusable Indoor Fruit Fly Trap Mosquito Trap with Natural Agent (Vinegar, Water), Sustainable, Matte White Ceramic","B01DNX8192","https://www.amazon.it/dp/B01DNX8192?psc=1","https://m.media-amazon.com/images/I/51knrBpuITL._AC_SY355_.jpg","kela",26.58,1,0,"N/A",17.22,5.4,124,"31,126","N/A",9.52,3,3.8,"1,485",8,2,"Habitas Online","Garden","Small Parcel","AMZ","9.80 x 8.10 x 9.80 cm",0.28,"N/A","Apr 2, 2016",,"No",119,"Habitas Online"
"31.2.","Kela - Fino Fly Trap, Ceramic, Ceramic, Taupe, 8.5 x 8.5 x 6.5 cm","B01DNX814C","https://www.amazon.it/dp/B01DNX814C?psc=1","https://m.media-amazon.com/images/I/511RguabfRL._AC_SY355_.jpg","kela","N/A",1,0,"N/A",17.22,"N/A",65,"31,126","N/A","N/A",1,3.8,"1,485",5,2,,"Garden","Small Parcel","FBA","9.80 x 7.90 x 9.80 cm",0.29,"N/A","Apr 2, 2016",,"No",119,
34.,"Patronus Fruit Fly Trap for Kitchen - 1 Reusable Fruit Fly Trap for Permanently Eliminating Fruit Fly, Dishwasher Safe, Sturdy","B0DD4K8JPZ","https://www.amazon.it/dp/B0DD4K8JPZ?psc=1","https://m.media-amazon.com/images/I/81dZudByNzL._SX342_.jpg","Patronus",12.09,3,3,"N/A",47.22,34.87,126,"17,186","AMZ",4.55,1,4.4,236,9,3,"Amazon","Garden","Small Parcel","AMZ","11.30 x 9.20 x 9.30 cm",0.09,"N/A","Nov 13, 2024",,"No",16,"Amazon"
"34.1.","Patronus Fruit Fly Trap for Kitchen - 2 Reusable Fruit Fly Traps for Permanently Eliminating Fruit Fly, Dishwasher Safe, Sturdy","B0DD4JYJBH","https://www.amazon.it/dp/B0DD4JYJBH?psc=1","https://m.media-amazon.com/images/I/81o5EHqaw8L._SY445_.jpg","Patronus",22.33,3,1,"N/A",47.22,12.15,127,"17,183","N/A",8.88,1,4.4,153,9,4,"Patronus Webshop","Garden","Small Parcel","FBA","16.00 x 9.20 x 11.30 cm",0.18,"N/A","Nov 23, 2024",,"No",16,"Patronus Webshop"
